step,time,avg_wind_speed,avg_tke,max_velocity,min_velocity
1,0.01,2.353494053071997,1.3622577184310738,3.8918718724208348,0.0
2,0.02,2.7772311314222247,3.0936259460820748,5.404790833702811,0.0
3,0.03,3.3024112033762467,5.928574286060385,7.198822414269517,0.0
4,0.04,3.8724186296154577,9.819789937634992,9.07383473798046,0.0
5,0.05,4.46325917095517,14.715424363911652,10.960492868659857,0.0
