step,time,avg_wind_speed,avg_tke,max_velocity,min_velocity
1,0.01,5.032794628294542,3.8731818491260777,6.984766107320475,0.0
2,0.02,5.032439464125922,3.8732181736762996,6.984548296402083,0.0
3,0.03,5.032111611430869,3.873282434392389,6.984331606443232,0.0
4,0.04,5.031819558863502,3.8733691153047136,6.984116011947235,0.0
5,0.05,5.031570837141958,3.873475536491906,6.983901504010592,0.0
