{"task_name":"laminar_flat_plate_variant_1","iterations":89,"x":[0.0,0.01123595517128706,0.02247191034257412,0.033707864582538605,0.04494382068514824,0.056179776787757874,0.06741572916507721,0.07865168899297714,0.08988764137029648,0.10112359374761581,0.11235955357551575,0.12359550595283508,0.13483145833015442,0.14606741070747375,0.15730337798595428,0.16853933036327362,0.17977528274059296,0.1910112351179123,0.20224718749523163,0.21348313987255096,0.2247191071510315,0.23595505952835083,0.24719101190567017,0.2584269642829895,0.26966291666030884,0.2808988690376282,0.2921348214149475,0.30337077379226685,0.31460675597190857,0.3258427083492279,0.33707866072654724,0.3483146131038666,0.3595505654811859,0.37078651785850525,0.3820224702358246,0.3932584226131439,0.40449437499046326,0.4157303273677826,0.42696627974510193,0.43820226192474365,0.449438214302063,0.4606741666793823,0.47191011905670166,0.483146071434021,0.49438202381134033,0.5056179761886597,0.516853928565979,0.5280898809432983,0.5393258333206177,0.550561785697937,0.5617977380752563,0.5730336904525757,0.584269642829895,0.5955055952072144,0.6067415475845337,0.617977499961853,0.6292135119438171,0.6404494643211365,0.6516854166984558,0.6629213690757751,0.6741573214530945,0.6853932738304138,0.6966292262077332,0.7078651785850525,0.7191011309623718,0.7303370833396912,0.7415730357170105,0.7528089880943298,0.7640449404716492,0.7752808928489685,0.7865168452262878,0.7977527976036072,0.8089887499809265,0.8202247023582458,0.8314606547355652,0.8426966071128845,0.8539325594902039,0.8651685118675232,0.8764045238494873,0.8876404762268066,0.898876428604126,0.9101123809814453,0.9213483333587646,0.932584285736084,0.9438202381134033,0.9550561904907227,0.966292142868042,0.9775280952453613,0.9887640476226807,1.0],"y":[0.0,0.0004986737039871514,0.0010080811334773898,0.0015284535475075245,0.002060026628896594,0.0026030417066067457,0.0031577451154589653,0.003724388312548399,0.004303228110074997,0.004894527606666088,0.005498554557561874,0.006115582771599293,0.0067458925768733025,0.007389769423753023,0.008047505281865597,0.008719398640096188,0.009405755437910557,0.010106884874403477,0.010823105461895466,0.01155474316328764,0.012302129529416561,0.013065602630376816,0.01384550891816616,0.014642203226685524,0.015456045046448708,0.01628740504384041,0.01713665947318077,0.018004195764660835,0.01889040321111679,0.01979568786919117,0.020720455795526505,0.02166513167321682,0.02263014018535614,0.023615920916199684,0.024622919037938118,0.025651592761278152,0.026702409610152245,0.027775844559073448,0.028872383758425713,0.02999252639710903,0.031136779114603996,0.03230566158890724,0.03349970653653145,0.034719448536634445,0.0359654501080513,0.037238266319036484,0.038538482040166855,0.03986668586730957,0.04122347757220268,0.04260947182774544,0.044025301933288574,0.04547160491347313,0.04694904014468193,0.0484582781791687,0.05000000074505806],"skin_friction":[0.05857169255614281,0.035943809896707535,0.022389814257621765,0.014980028383433819,0.011189720593392849,0.009197353385388851,0.008017786778509617,0.007224760949611664,0.006642316002398729,0.006189706269651651,0.005824204068630934,0.005520615726709366,0.0052629453130066395,0.0050404747016727924,0.0048457118682563305,0.0046732379123568535,0.004519020672887564,0.004379989579319954,0.00425375672057271,0.0041384329088032246,0.004032501485198736,0.003934728447347879,0.0038440970238298178,0.0037597613409161568,0.003681010566651821,0.003607242600992322,0.0035379433538764715,0.0034726709127426147,0.003411042271181941,0.0033527244813740253,0.003297426039353013,0.0032448903657495975,0.0031948909163475037,0.0031472262926399708,0.0031017172150313854,0.00305820326320827,0.003016540315002203,0.0029765984509140253,0.002938260557129979,0.0029014204628765583,0.002865981310606003,0.002831855323165655,0.002798961941152811,0.002767227590084076,0.002736584981903434,0.0027069717179983854,0.002678330522030592,0.0026506090071052313,0.0026237578131258488,0.0025977317709475756,0.002572488971054554,0.002547990530729294,0.0025241996627300978,0.0025010828394442797,0.0024786083959043026,0.002456746296957135,0.00243546930141747,0.0024147513322532177,0.0023945679422467947,0.002374896313995123,0.0023557147942483425,0.0023370031267404556,0.0023187422193586826,0.002300914144143462,0.0022835019044578075,0.002266489202156663,0.002249860903248191,0.002233602339401841,0.0022177002392709255,0.0022021415643393993,0.0021869137417525053,0.0021720051299780607,0.002157404785975814,0.002143101766705513,0.0021290865261107683,0.0021153490524739027,0.0021018802653998137,0.0020886713173240423,0.002075714059174061,0.002063000574707985,0.0020505229476839304,0.0020382741931825876,0.0020262470934540033,0.0020144351292401552,0.0020028320141136646,0.0019914312288165092,0.0019802271854132414,0.0019692140631377697,0.001958386739715934,0.001947739627212286],"displacement_thickness":[0.0002493368519935757,0.0005232600378803909,0.0007962775998748839,0.0010401341132819653,0.00124547746963799,0.0014181530568748713,0.00156755605712533,0.001700502703897655,0.0018212179420515895,0.0019324254244565964,0.0020359971094876528,0.0021332805044949055,0.0022252784110605717,0.002312758704647422,0.0023963225539773703,0.002476450987160206,0.0025535353925079107,0.0026278982404619455,0.0026998098473995924,0.0027694988530129194,0.002837160602211952,0.002902963198721409,0.002967053558677435,0.0030295592732727528,0.0030905939638614655,0.003150257281959057,0.0032086391001939774,0.003265818813815713,0.0033218690659850836,0.003376854583621025,0.003430834738537669,0.0034838630817830563,0.003535988973453641,0.0035872573498636484,0.003637709654867649,0.003687384072691202,0.0037363157607614994,0.0037845377810299397,0.0038320801686495543,0.003878971328958869,0.00392523780465126,0.003970903344452381,0.004015991929918528,0.004060524981468916,0.004104522056877613,0.004148003179579973,0.004190985579043627,0.004233486484736204,0.004275521729141474,0.004317107144743204,0.00435825577005744,0.004398982040584087,0.0044392989948391914,0.004479218274354935,0.0045187515206635,0.0045579103752970695,0.004596705082803965,0.004635145887732506,0.004673242103308439,0.004711002577096224,0.004748437087982893,0.004785553086549044,0.004822359420359135,0.004858863074332476,0.004895071964710951,0.0049309926107525826,0.004966632463037968,0.0050019980408251286,0.005037094932049513,0.00507193012163043,0.005106508731842041,0.00514083681628108,0.005174919497221708,0.0052087618969380856,0.00524236960336566,0.005275747273117304,0.005308899097144604,0.005341830663383007,0.005374545231461525,0.0054070474579930305,0.00543934153392911,0.005471431650221348,0.005503321532160044,0.0055350144393742085,0.005566514562815428,0.005597825162112713,0.005628949962556362,0.0056598917581140995,0.005690653808414936,0.00572123983874917],