{"task_name":"laminar_flat_plate","iterations":99,"x":[0.0,0.010101010091602802,0.020202020183205605,0.03030303120613098,0.04040404036641121,0.05050504952669144,0.06060606241226196,0.07070706784725189,0.08080808073282242,0.09090909361839294,0.10101009905338287,0.1111111119389534,0.12121212482452393,0.13131313025951385,0.14141413569450378,0.1515151560306549,0.16161616146564484,0.17171716690063477,0.1818181872367859,0.19191919267177582,0.20202019810676575,0.21212121844291687,0.2222222238779068,0.23232322931289673,0.24242424964904785,0.2525252401828766,0.2626262605190277,0.27272728085517883,0.28282827138900757,0.2929292917251587,0.3030303120613098,0.31313130259513855,0.3232323229312897,0.3333333432674408,0.34343433380126953,0.35353535413742065,0.3636363744735718,0.3737373650074005,0.38383838534355164,0.39393940567970276,0.4040403962135315,0.4141414165496826,0.42424243688583374,0.4343434274196625,0.4444444477558136,0.4545454680919647,0.46464645862579346,0.4747474789619446,0.4848484992980957,0.49494948983192444,0.5050504803657532,0.5151515007019043,0.5252525210380554,0.5353535413742065,0.5454545617103577,0.5555555820465088,0.5656565427780151,0.5757575631141663,0.5858585834503174,0.5959596037864685,0.6060606241226196,0.6161616444587708,0.6262626051902771,0.6363636255264282,0.6464646458625793,0.6565656661987305,0.6666666865348816,0.6767676472663879,0.6868686676025391,0.6969696879386902,0.7070707082748413,0.7171717286109924,0.7272727489471436,0.7373737096786499,0.747474730014801,0.7575757503509521,0.7676767706871033,0.7777777910232544,0.7878788113594055,0.7979797720909119,0.808080792427063,0.8181818127632141,0.8282828330993652,0.8383838534355164,0.8484848737716675,0.8585858345031738,0.868686854839325,0.8787878751754761,0.8888888955116272,0.8989899158477783,0.9090909361839294,0.9191918969154358,0.9292929172515869,0.939393937587738,0.9494949579238892,0.9595959782600403,0.9696969985961914,0.9797979593276978,0.9898989796638489,1.0],"y":[0.0,0.0004560001543723047,0.0009209755808115005,0.0013951030559837818,0.0018785626161843538,0.0023715379647910595,0.00287421653047204,0.0033867890015244484,0.003909450490027666,0.004442399367690086,0.004985837731510401,0.005539972800761461,0.006105014588683844,0.006681178230792284,0.00726868212223053,0.007867749780416489,0.008478608913719654,0.009101491421461105,0.00973663292825222,0.010384276509284973,0.011044668033719063,0.011718057096004486,0.012404700741171837,0.013104858808219433,0.013818798586726189,0.014546790160238743,0.01528911106288433,0.01604604162275791,0.01681787334382534,0.017604894936084747,0.01840740628540516,0.0192257147282362,0.020060129463672638,0.020910967141389847,0.02177855186164379,0.022663213312625885,0.02356528863310814,0.024485116824507713,0.02542305178940296,0.02637944556772709,0.027354665100574493,0.028349081054329872,0.02936306782066822,0.03039701282978058,0.031451307237148285,0.03252635523676872,0.033622562885284424,0.034740347415208817,0.035880133509635925,0.03704235330224037,0.038227446377277374,0.039435867220163345,0.040668074041604996,0.04192453250288963,0.04320571944117546,0.044512126594781876,0.045844245702028275,0.04720258712768555,0.04858766123652458,0.05000000074505806],"skin_friction":[0.09607945382595062,0.05113637447357178,0.028378093615174294,0.01826952025294304,0.01387227326631546,0.011636389419436455,0.010260740295052528,0.009302613325417042,0.008584167808294296,0.008018717169761658,0.007558068260550499,0.00717297475785017,0.006844514049589634,0.006559825036674738,0.00630981894209981,0.006087861023843288,0.005888980347663164,0.00570936594158411,0.005546039901673794,0.005396636668592691,0.005259248428046703,0.00513231847435236,0.0050145601853728294,0.004904900211840868,0.0048024351708590984,0.00470639718696475,0.004616130143404007,0.004531068727374077,0.004450722597539425,0.004374664276838303,0.004302519373595715,0.004233958199620247,0.004168689250946045,0.004106452222913504,0.004047016613185406,0.003990174736827612,0.0039357407949864864,0.003883546683937311,0.0038334408309310675,0.003785285633057356,0.0037389558274298906,0.003694337559863925,0.0036513260565698147,0.003609826322644949,0.0035697505809366703,0.003531018039211631,0.0034935541916638613,0.0034572905860841274,0.003422163426876068,0.0033881142735481262,0.0033550879452377558,0.003323033917695284,0.0032919044606387615,0.0032616560347378254,0.003232246730476618,0.0032036383636295795,0.0031757948454469442,0.0031486819498240948,0.0031222684774547815,0.003096523927524686,0.003071420593187213,0.0030469319317489862,0.003023033030331135,0.0029997003730386496,0.002976911375299096,0.002954645548015833,0.0029328824020922184,0.0029116037767380476,0.002890791045501828,0.0028704279102385044,0.002850497839972377,0.0028309859335422516,0.002811877056956291,0.0027931579388678074,0.0027748150750994682,0.00275683612562716,0.002739208983257413,0.002721922006458044,0.002704964717850089,0.00268832640722394,0.0026719970628619194,0.0026559673715382814,0.00264022802002728,0.0026247703935950994,0.002609585877507925,0.002594666788354516,0.002580005209892988,0.0025655939243733883,0.0025514254812151194,0.002537493361160159,0.0025237910449504852,0.0025103120133280754,0.0024970504455268383,0.002484000287950039,0.002471156185492873,0.0024585125502198935,0.0024460642598569393,0.002433806424960494,0.0024217336904257536,0.002409842098131776],"displacement_thickness":[0.00022800007718615234,0.000584735069423914,0.0009254575707018375,0.0012107582297176123,0.0014418225036934018,0.0016351082595065236,0.0018031533109024167,0.0019533003214746714,0.002090035704895854,0.0022163018584251404,0.0023341341875493526,0.002445000456646085,0.00254999496974051,0.0026499577797949314,0.0027455484960228205,0.002837295876815915,0.0029256311245262623,0.003010910702869296,0.0030934337992221117,0.0031734537333250046,0.0032511872705072165,0.0033268218394368887,0.0034005206543952227,0.0034724269062280655,0.0035426663234829903,0.0036113515961915255,0.0036785826086997986,0.0037444490008056164,0.0038090315647423267,0.0038724036421626806,0.003934631589800119,0.003995776176452637,0.004055892117321491,0.004115031100809574,0.004173239227384329,0.004230560269206762,0.004287033341825008,0.004342695698142052,0.004397581797093153,0.0044517237693071365,0.004505150951445103,0.004557891748845577,0.004609971772879362,0.004661415703594685,0.00471224682405591,0.004762486554682255,0.004812154918909073,0.004861271940171719,0.00490985531359911,0.004957922268658876,0.005005489103496075,0.005052571184933186,0.005099183414131403,0.005145339760929346,0.0051910532638430595,0.005236336495727301,0.005281201563775539,0.005325659643858671,0.005369722377508879,0.005413400009274483,0.005456702318042517,0.005499639548361301,0.005542219616472721,0.005584452301263809,0.005626345984637737,0.0056679085828363895,0.00570914801210165,0.005750071723014116,0.005790686700493097,0.005830999929457903,0.005871018394827843,0.005910748150199652,0.005950195714831352,0.005989367142319679,0.006028267554938793,0.006066903471946716,0.006105279549956322,0.00614340091124177,0.0061812736093997955,0.006218901369720697,0.006256289314478636,0.006293442100286484,0.006330363918095827,0.006367058958858252,0.00640353187918663,0.006439786870032549,0.006475826725363731,0.006511656101793051,0.0065472787246108055,0.0065826973877847195,0.006617916282266378,0.0066529386676847935,0.006687767803668976,0.006722406949847937,0.0067568589001894,0.006791126448661089,0.006825213320553303,0.006859121844172478,0.006892855279147625,0.006926415488123894],