{"task_name":"laminar_flat_plate_variant_2","iterations":79,"x":[0.0,0.012658228166401386,0.025316456332802773,0.037974681705236435,0.050632912665605545,0.06329113990068436,0.07594936341047287,0.08860759437084198,0.10126582533121109,0.1139240488409996,0.1265822798013687,0.13924050331115723,0.15189872682094574,0.16455696523189545,0.17721518874168396,0.18987341225147247,0.20253165066242218,0.2151898741722107,0.2278480976819992,0.2405063360929489,0.2531645596027374,0.26582279801368713,0.27848100662231445,0.29113924503326416,0.3037974536418915,0.3164556920528412,0.3291139304637909,0.3417721390724182,0.3544303774833679,0.3670886158943176,0.37974682450294495,0.39240506291389465,0.40506330132484436,0.4177215099334717,0.4303797483444214,0.4430379867553711,0.4556961953639984,0.4683544337749481,0.4810126721858978,0.49367088079452515,0.5063291192054749,0.5189873576164246,0.5316455960273743,0.5443037748336792,0.5569620132446289,0.5696202516555786,0.5822784900665283,0.594936728477478,0.607594907283783,0.6202531456947327,0.6329113841056824,0.6455696225166321,0.6582278609275818,0.6708860993385315,0.6835442781448364,0.6962025165557861,0.7088607549667358,0.7215189933776855,0.7341772317886353,0.746835470199585,0.7594936490058899,0.7721518874168396,0.7848101258277893,0.797468364238739,0.8101266026496887,0.8227847814559937,0.8354430198669434,0.8481012582778931,0.8607594966888428,0.8734177350997925,0.8860759735107422,0.8987341523170471,0.9113923907279968,0.9240506291389465,0.9367088675498962,0.949367105960846,0.9620253443717957,0.9746835231781006,0.9873417615890503,1.0],"y":[0.0,0.0005501584382727742,0.0011133814696222544,0.0016899793408811092,0.0022802697494626045,0.0028845774941146374,0.00350323598831892,0.004136585630476475,0.004784975200891495,0.0054487623274326324,0.006128312554210424,0.006823999807238579,0.00753620732575655,0.008265327662229538,0.009011763148009777,0.009775923565030098,0.010558229871094227,0.011359114199876785,0.012179017066955566,0.013018390163779259,0.013877696357667446,0.014757407829165459,0.01565800979733467,0.016579998657107353,0.017523881047964096,0.018490178510546684,0.01947942189872265,0.020492158830165863,0.02152894251048565,0.02259034849703312,0.023676959797739983,0.024789372459053993,0.025928204879164696,0.027094079181551933,0.02828763984143734,0.029509542509913445,0.03076046332716942,0.03204108774662018,0.03335212543606758,0.03469429537653923,0.03606833890080452,0.03747501224279404,0.038915086537599564,0.04038935899734497,0.04189864173531532,0.04344376549124718,0.04502558335661888,0.04664496332406998,0.048302795737981796,0.05000000074505806],"skin_friction":[0.039817843586206436,0.02684038132429123,0.01819520629942417,0.012777897529304028,0.009586673229932785,0.007755368947982788,0.006662675179541111,0.0059506031684577465,0.005442645866423845,0.005055159796029329,0.004745885264128447,0.004491095431149006,0.004276178777217865,0.004091520793735981,0.0039304886013269424,0.003788336180150509,0.0036615640856325626,0.0035475261975079775,0.003444178495556116,0.003349913517013192,0.0032634453382343054,0.003183732507750392,0.0031099203042685986,0.003041299059987068,0.0029772750567644835,0.002917346078902483,0.0028610846493393183,0.00280812312848866,0.002758145099505782,0.0027108746580779552,0.0026660708244889975,0.0026235224213451147,0.002583042485639453,0.0025444654747843742,0.0025076442398130894,0.002472446532920003,0.0024387547746300697,0.0024064623285084963,0.0023754730354994535,0.0023457002826035023,0.0023170649074018,0.002289495198056102,0.002262925496324897,0.002237295499071479,0.0022125502582639456,0.002188639482483268,0.0021655161399394274,0.002143137389793992,0.002121463418006897,0.0021004576701670885,0.0020800854545086622,0.0020603155717253685,0.0020411182194948196,0.002022465690970421,0.002004332607612014,0.0019866949878633022,0.001969530014321208,0.0019528167322278023,0.0019365355838090181,0.0019206678261980414,0.0019051959970965981,0.0018901037983596325,0.0018753756303340197,0.0018609969411045313,0.0018469539936631918,0.0018332336330786347,0.0018198235193267465,0.0018067120108753443,0.0017938881646841764,0.0017813412705436349,0.0017690615495666862,0.0017570394556969404,0.0017452659085392952,0.001733732526190579,0.001722431043162942,0.0017113537760451436,0.0017004931578412652,0.0016898422036319971,0.0016793942777439952,0.0016691428609192371],"displacement_thickness":[0.0002750792191363871,0.0005032244371250272,0.000735724635887891,0.0009531733230687678,0.0011445441050454974,0.0013087474508211017,0.0014508453896269202,0.0015766728902235627,0.0016904929652810097,0.0017950814217329025,0.0018922961317002773,0.0019834551494568586,0.0020695365965366364,0.002151288092136383,0.0022292945068329573,0.0023040228988975286,0.002375851385295391,0.002445092424750328,0.0025120063219219446,0.0025768133345991373,0.0026397008914500475,0.0027008303441107273,0.0027603425551205873,0.0028183595277369022,0.0028749897610396147,0.002930328482761979,0.0029844611417502165,0.003037463640794158,0.003089404432103038,0.0031403456814587116,0.0031903435010463,0.0032394486479461193,0.003287707921117544,0.003335163928568363,0.00338185578584671,0.0034278195817023516,0.0034730888437479734,0.003517694305628538,0.003561664605513215,0.0036050265189260244,0.003647804958745837,0.003690022509545088,0.003731701523065567,0.003772862022742629,0.0038135231006890535,0.003853702684864402,0.0038934177719056606,0.0039326841942965984,0.003971516620367765,0.004009929485619068,0.004047936759889126,0.004085550084710121,0.004122782498598099,0.004159645177423954,0.004196148831397295,0.00423230417072773,0.0042681205086410046,0.004303607624024153,0.0043387748301029205,0.004373630508780479,0.004408182576298714,0.0044424389488995075,0.004476407542824745,0.004510094877332449,0.004543508868664503,0.004576655104756355,0.004609540570527315,0.004642171319574118,0.0046745529398322105,0.004706691484898329,0.004738592077046633,0.004770259838551283,0.004801700357347727,0.004832918290048838,0.0048639182932674885,0.004894704557955265,0.004925282206386328,0.004955654498189688,0.004985826555639505,0.005015801638364792],"momentum_thickness":[0.0,0.00018329524027649313,0.00031464945641346276,0.0004124331462662667,0.000488512683659792,0.0005506310262717307,0.0006036580307409167,0.000650504429358989,0.0006928896764293313,0.0007318761199712753,0.0007681657443754375,0.0008022507536225021,0.0008344915695488453,0.0008651609532535076,0.000894470838829875,0.000922589679248631,0.0009496539714746177,0.0009757757652550936,0.0010010488331317902,0.001025552162900567,0.0010493532754480839,0.0010725101456046104,0.0010950735304504633,0.001117087434977293,0.0011385908583179116,0.0011596183758229017,0.0011802008375525475,0.0012003656011074781,0.0012201376957818866,0.0012395394733175635,0.0012585914228111506,0.0012773120542988181,0.001295718364417553,0.001313825836405158,0.00133164890576154,0.0013492006110027432,0.0013664931757375598,0.0013835380086675286,0.0014003455871716142,0.0014169256901368499,0.0014332873979583383,0.0014494392089545727,0.0014653891557827592,0.0014811448054388165,0.0014967129100114107,0.0015121003380045295,0.0015273132594302297,0.0015423576114699244,0.0015572387492284179,0.001571962027810514,0.0015865324530750513,0.0016009547980502248,0.0016152334865182638,0.0016293727094307542,0.0016433765413239598,0.0016572489403188229,0.001670993398874998,0.001684613642282784,0.0016981129301711917,0.0017114942893385887,0.001724761095829308,0.0017379160271957517,0.0017509619938209653,0.001763901673257351,0.0017767376266419888,0.0017894722986966372,0.0018021081341430545,0.0018146474612876773,0.0018270923756062984,0.0018394450889900327,0.001851707580499351,0.0018638818291947246,0.0018759696977213025,0.001887973048724234,0.0018998937448486686,0.0019117331830784678,0.001923493342474103,0.0019351756200194359,0.0019467816455289721,0.0019583129324018955],