{"task_name":"laminar_flat_plate_variant_3","iterations":69,"x":[0.0,0.014492753893136978,0.028985507786273956,0.043478261679410934,0.05797101557254791,0.07246376574039459,0.08695652335882187,0.10144927352666855,0.11594203114509583,0.1304347813129425,0.14492753148078918,0.15942029654979706,0.17391304671764374,0.18840579688549042,0.2028985470533371,0.21739129722118378,0.23188406229019165,0.24637681245803833,0.260869562625885,0.2753623127937317,0.28985506296157837,0.30434781312942505,0.3188405930995941,0.3333333432674408,0.3478260934352875,0.36231884360313416,0.37681159377098083,0.3913043439388275,0.4057970941066742,0.4202898442745209,0.43478259444236755,0.4492753744125366,0.4637681245803833,0.47826087474823,0.49275362491607666,0.5072463750839233,0.52173912525177,0.5362318754196167,0.5507246255874634,0.5652173757553101,0.5797101259231567,0.5942028760910034,0.6086956262588501,0.6231883764266968,0.6376811861991882,0.6521739363670349,0.6666666865348816,0.6811594367027283,0.695652186870575,0.7101449370384216,0.7246376872062683,0.739130437374115,0.7536231875419617,0.7681159377098083,0.782608687877655,0.7971014380455017,0.8115941882133484,0.8260869383811951,0.8405796885490417,0.8550724387168884,0.8695651888847351,0.8840579986572266,0.8985507488250732,0.9130434989929199,0.9275362491607666,0.9420289993286133,0.95652174949646,0.9710144996643066,0.9855072498321533,1.0],"y":[0.0,0.0006134973955340683,0.0012432406656444073,0.0018896602559834719,0.002553197555243969,0.0032343058846890926,0.003933450672775507,0.004651109222322702,0.005387772340327501,0.006143942940980196,0.006920137442648411,0.007716886233538389,0.008534734137356281,0.009374238550662994,0.010235974565148354,0.011120529845356941,0.012028508819639683,0.012960532680153847,0.013917236588895321,0.01489927526563406,0.015907319262623787,0.016942055895924568,0.018004195764660835,0.01909445971250534,0.020213596522808075,0.021362368017435074,0.022541560232639313,0.02375197969377041,0.02499444968998432,0.0262698233127594,0.027578970417380333,0.028922783210873604,0.03030218370258808,0.03171810880303383,0.033171530812978745,0.03466344252228737,0.03619485720992088,0.03776682913303375,0.039380427449941635,0.041036754846572876,0.04273694008588791,0.04448215290904045,0.04627357795834541,0.04811244085431099,0.05000000074505806],"skin_friction":[0.02856556326150894,0.020626738667488098,0.014924501068890095,0.010992185212671757,0.008405598811805248,0.006766867823898792,0.005735556595027447,0.005063177552074194,0.0045957379043102264,0.004248304292559624,0.0039759473875164986,0.0037541668862104416,0.003568595042452216,0.003410122822970152,0.003272601868957281,0.003151691285893321,0.003044221783056855,0.002947817323729396,0.0028606571722775698,0.0027813175693154335,0.002708667889237404,0.002641795901581645,0.0025799565482884645,0.0025225344579666853,0.002469015074893832,0.0024189657997339964,0.002372018527239561,0.0023278584703803062,0.0022862141486257315,0.0022468501701951027,0.002209561178460717,0.002174167428165674,0.002140509895980358,0.0021084484178572893,0.0020778579637408257,0.002048627007752657,0.0020206556655466557,0.0019938545301556587,0.001968142343685031,0.0019434457644820213,0.0019196985522285104,0.0018968400545418262,0.0018748153233900666,0.0018535738345235586,0.001833069371059537,0.0018132595578208566,0.0017941052792593837,0.0017755705630406737,0.0017576219979673624,0.0017402288503944874,0.001723362598568201,0.001706996699795127,0.0016911063576117158,0.0016756687546148896,0.0016606623539701104,0.001646067132242024,0.001631864346563816,0.001618036418221891,0.001604566816240549,0.0015914401737973094,0.0015786420553922653,0.0015661584911867976,0.0015539767919108272,0.001542084850370884,0.0015304710250347853,0.0015191244892776012,0.001508035114966333,0.0014971932396292686,0.0014865894336253405,0.0014762150822207332],"displacement_thickness":[0.0003067486977670342,0.0005063150310888886,0.0007121001835912466,0.0009107665973715484,0.00109267293009907,0.001253566239029169,0.0013944200472906232,0.0015189561527222395,0.001631061197258532,0.001733680721372366,0.0018288273131474853,0.0019178871298208833,0.0020018615759909153,0.002081508282572031,0.0021574189886450768,0.002230065641924739,0.0022998307831585407,0.0023670289665460587,0.0024319225922226906,0.002494732616469264,0.0025556471664458513,0.0026148278266191483,0.0026724152266979218,0.0027285313699394464,0.002783284056931734,0.002836768515408039,0.002889069262892008,0.002940261969342828,0.002990414621308446,0.003039588453248143,0.0030878393445163965,0.0031352173537015915,0.0031817685812711716,0.0032275354024022818,0.0032725564669817686,0.0033168671652674675,0.0033605005592107773,0.003403486916795373,0.0034458544105291367,0.0034876293502748013,0.0035288361832499504,0.003569497726857662,0.0036096349358558655,0.0036492678336799145,0.003688415512442589,0.003727094968780875,0.0037653231993317604,0.0038031155709177256,0.0038404869846999645,0.003877450944855809,0.0039140209555625916,0.003950209356844425,0.0039860280230641365,0.0040214876644313335,0.004056599456816912,0.004091373644769192,0.00412581954151392,0.004159946460276842,0.0041937632486224174,0.004227278288453817,0.004260499496012926,0.004293434321880341,0.004326090216636658,0.0043584746308624744,0.004390593618154526,0.004422454163432121,0.004454061854630709,0.004485423676669598,0.004516544286161661,0.004547430202364922],"momentum_thickness":[0.0,0.0001652201171964407,0.00028977799229323864,0.0003861233708448708,0.00046274877968244255,0.0005256650038063526,0.0005791089497506618,0.0006259523215703666,0.0006680518854409456,0.000706588092725724,0.0007423312636092305,0.0007758097490295768,0.0008074048673734069,0.0008374025928787887,0.0008660241728648543,0.0008934444631449878,0.0009198045008815825,0.0009452198282815516,0.0009697864879854023,0.0009935852140188217,0.0010166849242523313,0.0010391446994617581,0.0010610155295580626,0.0010823422344401479,0.0011031640460714698,0.0011235158890485764,0.00114342849701643,0.001162929693236947,0.0011820443905889988,0.001200794824399054,0.0012192016001790762,0.0012372831115499139,0.001255056238733232,0.0012725364649668336,0.0012897381093353033,0.001306674093939364,0.0013233567588031292,0.0013397970469668508,0.001356005552224815,0.0013719919370487332,0.0013877651654183865,0.0014033335028216243,0.0014187050983309746,0.0014338871696963906,0.0014488865854218602,0.0014637099811807275,0.0014783635269850492,0.0014928528107702732,0.0015071835368871689,0.001521360594779253,0.001535389106720686,0.001549273612909019,0.0015630185371264815,0.0015766279539093375,0.001590105937793851,0.0016034562140703201,0.0016166825080290437,0.0016297879628837109,0.0016427761875092983,0.0016556500922888517,0.0016684128204360604,0.0016810670495033264,0.0016936156898736954,0.0017060613026842475,0.0017184063326567411,0.0017306533409282565,0.0017428046558052301,0.001754862372763455,0.0017668287036940455,0.001778705744072795],