step,time,avg_wind_speed,avg_tke,max_velocity,min_velocity
1,0.01,3.7677915870283183,2.8837156784140268,5.726046759139651,0.0
2,0.02,4.17228642323657,5.284793689372021,7.246236806619009,0.0
3,0.03,4.710723647566282,9.21413548187592,9.166223801167437,0.0
4,0.04,5.318673869665566,14.602444623746843,11.242537286387236,0.0
5,0.05,5.963714664553024,21.372734189891595,13.36925406702482,0.0
